fpr,tpr,threshold
0.0,0.0,inf
0.0,0.9925512104283054,0.9999546021312976
0.46479791395045633,1.0,4.5397868702434395e-05
0.8396349413298566,1.0,9.357622968839299e-14
1.0,1.0,4.248354255291589e-18
