run_id,seed,n_examples,train_frac,intercept,k_policy,K,target,t_gen,t_rect_base,t_rect_rule,t_raw_base,auc_tr_rect_base,j_tr_rect_base,f1max_tr_rect_base,auc_tr_rect_rule,j_tr_rect_rule,f1max_tr_rect_rule,auc_tr_raw,auc_te_rect_base,j_te_rect_base,f1max_te_rect_base,auc_te_rect_rule,j_te_rect_rule,f1max_te_rect_rule,auc_te_raw,adopted,k_chosen,k_first_min,k_rect_base,k_rect_rule,J_chosen_train,J0_train,policy_trained,K_used
seed1234_N6000_tr25_mofk_global_K10.0_TNA_seed1234_N6117_tr70_mofk_global_K10.0_TNA,1234,6117,0.7000163478829492,mofk,global,10.0,,0.3762183000071673,43.51798309999867,0.12971130000369158,50.2760191999987,1.0,1.0,0.9999999995,1.0,1.0,0.9999999995,0.9217423328607135,0.9991189514532351,0.988602465616008,0.9930394426554551,0.9991189514532351,0.988602465616008,0.9930394426554551,0.9157559198542805,False,6,10,437,437,0.9727385377942999,1.0,global,10.0
seed1234_N6000_tr25_mofk_global_K10.0_TNA_seed1234_N6117_tr70_mofk_global_K10.0_TNA__sklearn_extcv,1234,6117,0.7000163478829492,,,,,0.3762183000071673,116.21856969999499,,281.03062389999104,1.0,1.0,,,,,0.9045237473811926,0.9992377445157202,0.9862876508011933,,,,,0.8946388030938993,,,,,,,,sklearn_extcv,
