run_id,seed,n_examples,train_frac,intercept,k_policy,K,target,t_gen,t_rect_base,t_rect_rule,t_raw_base,auc_tr_rect_base,j_tr_rect_base,f1max_tr_rect_base,auc_tr_rect_rule,j_tr_rect_rule,f1max_tr_rect_rule,auc_tr_raw,auc_te_rect_base,j_te_rect_base,f1max_te_rect_base,auc_te_rect_rule,j_te_rect_rule,f1max_te_rect_rule,auc_te_raw,adopted,k_chosen,k_first_min,k_rect_base,k_rect_rule,J_chosen_train,J0_train,policy_trained,K_used
seed1234_N6000_tr25_mofk_global_K10.0_TNA,1234,6000,0.25,mofk,global,10.0,,1.9686767999955919,42.509852000002866,0.21880410000449046,49.622163699998055,1.0,1.0,0.9999999995,1.0,1.0,0.9999999995,0.9217423328607135,0.9991189514532351,0.988602465616008,0.9930394426554551,0.9991189514532351,0.988602465616008,0.9930394426554551,0.9157559198542805,False,6,10,437,437,0.9727385377942999,1.0,global,10.0
seed1234_N6000_tr25_mofk_global_K10.0_TNA__sklearn_extcv,1234,6000,0.25,,,,,1.9686767999955919,117.20870450000803,,273.41671590000624,1.0,1.0,,,,,0.9045237473811926,0.9992377445157202,0.9862876508011933,,,,,0.8946388030938993,,,,,,,,sklearn_extcv,
seed1234_N7000_tr25_mofk_global_K10.0_TNA,1234,7000,0.25,mofk,global,10.0,,1.598055900001782,50.948993800004246,0.14003180000872817,61.739188899999135,0.9999915784030194,0.9983525535420099,0.9991755971916738,0.9996126065388921,0.9983525535420099,0.9991755971916738,0.9066324856047594,0.9998440075847518,0.9912474294635074,0.9944029845746285,0.9982689090728102,0.9925512104283054,0.9962616817429976,0.8978935561172092,True,7,11,438,7,0.9983525535420099,0.9983525535420099,global,10.0
seed1234_N7000_tr25_mofk_global_K10.0_TNA__sklearn_extcv,1234,7000,0.25,,,,,1.598055900001782,171.76028000000224,,376.7285611999978,0.9999437801498862,0.9983525535420099,,,,,0.8945723035070716,0.9997292894272347,0.9912474294635074,,,,,0.8846955052333331,,,,,,,,sklearn_extcv,
